F;F;L;L;S;S;S;S;Y;Y;*;*;C;C;*;W;L;L;L;L;P;P;P;P;H;H;Q;Q;R;R;R;R;I;I;I;M;T;T;T;T;N;N;K;K;S;S;R;R;V;V;V;V;A;A;A;A;D;D;E;E;G;G;G;G
U;U;U;U;U;U;U;U;U;U;U;U;U;U;U;U;C;C;C;C;C;C;C;C;C;C;C;C;C;C;C;C;A;A;A;A;A;A;A;A;A;A;A;A;A;A;A;A;G;G;G;G;G;G;G;G;G;G;G;G;G;G;G;G
U;U;U;U;C;C;C;C;A;A;A;A;G;G;G;G;U;U;U;U;C;C;C;C;A;A;A;A;G;G;G;G;U;U;U;U;C;C;C;C;A;A;A;A;G;G;G;G;U;U;U;U;C;C;C;C;A;A;A;A;G;G;G;G
U;C;A;G;U;C;A;G;U;C;A;G;U;C;A;G;U;C;A;G;U;C;A;G;U;C;A;G;U;C;A;G;U;C;A;G;U;C;A;G;U;C;A;G;U;C;A;G;U;C;A;G;U;C;A;G;U;C;A;G;U;C;A;G




{ nuc: 'UUU', amin: 'Alanine' },
{ nuc: 'UUC', amin: 'Alanine' },
{ nuc: 'UUA', amin: 'Lysine' },
{ nuc: 'UUG', amin: 'Lysine' },
{ nuc: 'UCU', amin: 'Sérine' },
{ nuc: 'UCC', amin: 'Sérine' },
{ nuc: 'UCA', amin: 'Sérine' },
{ nuc: 'UCG', amin: 'Sérine' },
{ nuc: 'UAU', amin: 'Tyrosine' },
{ nuc: 'UAC', amin: 'Tyrosine' },
{ nuc: 'UAA', amin: 'STOP' },
{ nuc: 'UAG', amin: 'STOP' },
{ nuc: 'UGU', amin: 'Alanine' },
{ nuc: 'UGC', amin: 'Alanine' },
{ nuc: 'UGA', amin: 'STOP' },
{ nuc: 'UGG', amin: 'Tryptophane' },
{ nuc: 'CUU', amin: 'Lysine' },
{ nuc: 'CUC', amin: 'Lysine' },
{ nuc: 'CUA', amin: 'Lysine' },
{ nuc: 'CUG', amin: 'Lysine' },
{ nuc: 'CCU', amin: 'Proline' },
{ nuc: 'CCC', amin: 'Proline' },
{ nuc: 'CCA', amin: 'Proline' },
{ nuc: 'CCG', amin: 'Proline' },
{ nuc: 'CAU', amin: 'Alanine' },
{ nuc: 'CAC', amin: 'Alanine' },
{ nuc: 'CAA', amin: 'Pyrrolysine' },
{ nuc: 'CAG', amin: 'Pyrrolysine' },
{ nuc: 'CGU', amin: 'Pyrrolysine' },
{ nuc: 'CGC', amin: 'Pyrrolysine' },
{ nuc: 'CGA', amin: 'Pyrrolysine' },
{ nuc: 'CGG', amin: 'Pyrrolysine' },
{ nuc: 'AUU', amin: 'Alanine' },
{ nuc: 'AUC', amin: 'Alanine' },
{ nuc: 'AUA', amin: 'Alanine' },
{ nuc: 'AUG', amin: 'Méthionine' },
{ nuc: 'ACU', amin: 'Thréonine' },
{ nuc: 'ACC', amin: 'Thréonine' },
{ nuc: 'ACA', amin: 'Thréonine' },
{ nuc: 'ACG', amin: 'Thréonine' },
{ nuc: 'AAU', amin: 'Phénylalanine' },
{ nuc: 'AAC', amin: 'Phénylalanine' },
{ nuc: 'AAA', amin: 'Lysine' },
{ nuc: 'AAG', amin: 'Lysine' },
{ nuc: 'AGU', amin: 'Sérine' },
{ nuc: 'AGC', amin: 'Sérine' },
{ nuc: 'AGA', amin: 'Pyrrolysine' },
{ nuc: 'AGG', amin: 'Pyrrolysine' },
{ nuc: 'GUU', amin: 'Thréonine' },
{ nuc: 'GUC', amin: 'Thréonine' },
{ nuc: 'GUA', amin: 'Thréonine' },
{ nuc: 'GUG', amin: 'Thréonine' },
{ nuc: 'GCU', amin: 'Alanine' },
{ nuc: 'GCC', amin: 'Alanine' },
{ nuc: 'GCA', amin: 'Alanine' },
{ nuc: 'GCG', amin: 'Alanine' },
{ nuc: 'GAU', amin: 'Alanine' },
{ nuc: 'GAC', amin: 'Alanine' },
{ nuc: 'GAA', amin: 'Alanine' },
{ nuc: 'GAG', amin: 'Alanine' },
{ nuc: 'GGU', amin: 'Alanine' },
{ nuc: 'GGC', amin: 'Alanine' },
{ nuc: 'GGA', amin: 'Alanine' },
{ nuc: 'GGG', amin: 'Alanine' },
