;Acide aminé;;Codons;Compacté17
STOP;Terminaison;;"UAG, UAA ; UGA.";UAR, URA
A;Alanine;Ala;GCU, GCC, GCA, GCG.;GCN
C;Cystéine;Cys;UGU, UGC.;UGY
D;Acide aspartique;Asp;GAU, GAC.;GAY
E;Acide glutamique;Glu;GAA, GAG.;GAR
F;Phénylalanine;Phe;UUU, UUC.;UUY
G;Glycine;Gly;GGU, GGC, GGA, GGG.;GGN
H;Histidine;His;CAU, CAC.;CAY
I;Isoleucine;Ile;AUU, AUC, AUA.;AUH
;Initiation;;AUG. (UUG, CUG);
K;Lysine;Lys;AAA, AAG.;AAR
L;Leucine;Leu;"UUA, UUG ; CUU, CUC, CUA, CUG.";YUR, CUN
M;Méthionine;Met;AUG.;
N;Asparagine;Asn;AAU, AAC.;AAY
O;Pyrrolysine;Pyl;UAG, avant élément PYLIS.;
P;Proline;Pro;CCU, CCC, CCA, CCG.;CCN
Q;Glutamine;Gln;CAA, CAG.;CAR
R;Arginine;Arg;"CGU, CGC, CGA, CGG ; AGA, AGG.";CGN, MGR
S;Sérine;Ser;"UCU, UCC, UCA, UCG ; AGU, AGC.";UCN, AGY
T;Thréonine;Thr;ACU, ACC, ACA, ACG.;ACN
U;Sélénocystéine;Sec;UGA, avec séquence SECIS.;
V;Valine;Val;GUU, GUC, GUA, GUG.;GUN
W;Tryptophane;Trp;UGG. (UGA);
Y;Tyrosine;Tyr;UAU, UAC.;UAY
